{"cameraMode":{"drawMode":0,"name":"Shaded","section":"Shading Mode"},"sceneLighting":true,"audioPlay":false,"sceneViewState":{"m_AlwaysRefresh":false,"showFog":true,"showSkybox":true,"showFlares":true,"showImageEffects":true,"showParticleSystems":true,"showVisualEffectGraphs":true,"m_FxEnabled":true},"in2DMode":false,"pivot":{"x":0.6600779294967651,"y":-3.8096437454223635,"z":-10.770343780517579},"rotation":{"x":0.009732941165566445,"y":0.982341468334198,"z":-0.17907078564167024,"w":0.05339449644088745},"size":5.922829627990723,"orthographic":false}