{"cameraMode":{"drawMode":0,"name":"Shaded","section":"Shading Mode"},"sceneLighting":true,"audioPlay":false,"sceneViewState":{"m_AlwaysRefresh":false,"showFog":true,"showSkybox":true,"showFlares":true,"showImageEffects":true,"showParticleSystems":true,"showVisualEffectGraphs":true,"m_FxEnabled":true},"in2DMode":false,"pivot":{"x":-0.16081169247627259,"y":0.1338040828704834,"z":-0.23175698518753053},"rotation":{"x":0.12028317153453827,"y":0.879559338092804,"z":-0.33439701795578005,"w":0.31638944149017336},"size":0.45068156719207766,"orthographic":false}