{"Pcx":-0.02331290425321743,"Pcy":0.04834887722836495,"Pcz":0.12701673616517387,"m":7.194470925497427,"Icxx":0.21456829810118982,"Icyy":0.18259184987320282,"Iczz":0.07109998913148377,"Icxy":0.005875404823726792,"Icxz":-0.007315561781973956,"Icyz":0.07353663996906479}