{"Pcx":0.24007561840572525,"Pcy":0.31324356500387085,"Pcz":-0.0020437124535952517,"m":1.6643008898344105,"Icxx":0.17306033345539837,"Icyy":0.10570855822312594,"Iczz":0.26764014689561416,"Icxy":0.1225309719899027,"Icxz":-0.0007534284252796236,"Icyz":-0.0009535799984679795}