{"Pcx":0.010321999942569382,"Pcy":0.02666511281842239,"Pcz":-0.0791722375982541,"m":0.7771794776220623,"Icxx":0.008559197021473662,"Icyy":0.006324301575115754,"Iczz":0.004580948867238067,"Icxy":-0.00029544600630404885,"Icxz":-0.0006961885490436857,"Icyz":-0.0014084525715033103}