{"Pcx":0.025511672484288,"Pcy":0.03269456624698602,"Pcz":0.11305685116035652,"m":1.54438985591638,"Icxx":0.026678329732694926,"Icyy":0.028358218632228312,"Iczz":0.011859412560199237,"Icxy":0.00010067511996338097,"Icxz":0.003893390413926938,"Icyz":0.0054647338355972245}