{"Pcx":-0.057397641447693326,"Pcy":0.022546178158870916,"Pcz":0.04934192742746435,"m":0.22155865343762923,"Icxx":0.0011495550602706758,"Icyy":0.001756584283413961,"Iczz":0.0011329600568673005,"Icxy":-0.00029000377599391853,"Icxz":-0.0004972902495826322,"Icyz":0.000309792847311155}