{"Pcx":0.015489179680078902,"Pcy":0.026471502515647654,"Pcz":-0.07731900734254739,"m":0.5434400985066598,"Icxx":0.006725308248362469,"Icyy":0.004713757547982473,"Iczz":0.0044133544144958434,"Icxy":-0.0002984151363142874,"Icxz":-0.0007293228668247267,"Icyz":-0.0008784105628766464}