{"Pcx":-0.0573976414476971,"Pcy":0.02545421459685504,"Pcz":0.04790656438407481,"m":0.2215586534376293,"Icxx":0.0011495550602705733,"Icyy":0.0017174018173143188,"Iczz":0.0011721425229670344,"Icxy":-0.0003192001186830543,"Icxz":-0.0004790731328861845,"Icyz":0.00034477743213712946}