{"Pcx":-0.017933436470725192,"Pcy":0.04372427814001564,"Pcz":0.1361678939491032,"m":7.276787794732254,"Icxx":0.2397501064713587,"Icyy":0.2104741296011963,"Iczz":0.06924740724807091,"Icxy":0.010333762261111632,"Icxz":0.0004147879745556929,"Icyz":0.07578678533128384}