{"Pcx":-0.017022299422309067,"Pcy":0.04541125024098311,"Pcz":0.13624926456237907,"m":7.196109505946127,"Icxx":0.23482374769709569,"Icyy":0.20576804026919837,"Iczz":0.06741884239634081,"Icxy":0.009500927212368412,"Icxz":0.0004147799033226811,"Icyz":0.07499428087515056}