{"Pcx":-0.04966579331073484,"Pcy":0.027024676220533526,"Pcz":0.05563190045798264,"m":0.20612123641675464,"Icxx":0.001307411970519199,"Icyy":0.0016517551268722783,"Iczz":0.0010311925863513815,"Icxy":-0.0002190615110856993,"Icxz":-0.0004343855243333991,"Icyz":0.0003904871991265717}