{"Pcx":0.052855008702261175,"Pcy":0.0005100259509797618,"Pcz":0.05550023624276915,"m":0.20594213994503568,"Icxx":0.001229072597130369,"Icyy":0.001718424406037781,"Iczz":0.001029047280269193,"Icxy":9.447312232533717E-05,"Icxz":0.0005137116949429399,"Icyz":-0.00013452325035629537}