{"Pcx":0.024866510047631973,"Pcy":0.03348139137649471,"Pcz":0.11323282216671876,"m":1.522152196878949,"Icxx":0.02640281287419484,"Icyy":0.028014931585399083,"Iczz":0.011705878828482914,"Icxy":0.0001338816560992823,"Icxz":0.0037370794825986073,"Icyz":0.005501092727421989}