{"Pcx":0.42947372831462555,"Pcy":0.30814540754170605,"Pcz":0.013075667961468019,"m":0.816559966496324,"Icxx":0.08237726992519401,"Icyy":0.1568960568013693,"Iczz":0.23020705358671895,"Icxy":0.10817185813786998,"Icxz":0.005170732895582099,"Icyz":0.003567028674292816}