{"Pcx":0.025512372191917643,"Pcy":0.03269317706790384,"Pcz":0.11305794904791416,"m":1.544347499670575,"Icxx":0.026677785668769043,"Icyy":0.02835798869808985,"Iczz":0.011859090537945776,"Icxy":0.0001006751212401511,"Icxz":0.0038933904153365586,"Icyz":0.00546447603437241}