{"Pcx":0.010120128318998056,"Pcy":0.02929333242279468,"Pcz":-0.07913527196704283,"m":0.7713983151692466,"Icxx":0.00856215611503787,"Icyy":0.006272661079297559,"Iczz":0.0046167098339208205,"Icxy":-0.0003060222212831645,"Icxz":-0.0006782087014374111,"Icyz":-0.0015644894147047105}