{"Pcx":0.33995420221401706,"Pcy":0.354474877058175,"Pcz":-0.025448595208993164,"m":1.5668817224329599,"Icxx":0.20722890387645912,"Icyy":0.18982731875473138,"Iczz":0.38332276676461896,"Icxy":0.18856549490967567,"Icxz":-0.014124153193571054,"Icyz":-0.015320790168825107}