{"Pcx":-0.04966934186940852,"Pcy":0.027029024992387407,"Pcz":0.05562262462300423,"m":0.20607572316215442,"Icxx":0.0013069746990514177,"Icyy":0.0016512692123567814,"Iczz":0.001031138449355028,"Icxy":-0.0002190503486351107,"Icxz":-0.0004342362286658758,"Icyz":0.00039045460937614626}