{"Pcx":0.013071572710634553,"Pcy":-0.023562925445514193,"Pcz":-0.07922042421967178,"m":0.8165177568515882,"Icxx":0.007636806835798849,"Icyy":0.00996590516132716,"Iczz":0.006736386898453942,"Icxy":0.00033364136615022513,"Icxz":-0.0005686961522815402,"Icyz":0.0016321532453403098}