{"Pcx":-0.07009376044568887,"Pcy":-0.029629548240861114,"Pcz":-0.0031009461115130217,"m":1.9889133372088688,"Icxx":0.012526260446368375,"Icyy":0.02070705575456195,"Iczz":0.020611234189458212,"Icxy":0.006892017368440843,"Icxz":0.0005402531288114237,"Icyz":7.144919909061343E-05}