{"Pcx":-0.017991118894880035,"Pcy":0.04351691614053821,"Pcz":0.14316774048248304,"m":7.25995006444988,"Icxx":0.2588133062813816,"Icyy":0.22955731445696317,"Iczz":0.06923793361660896,"Icxy":0.010423391129068715,"Icxz":0.000413651838675682,"Icyz":0.07949100866923561}