{"Pcx":0.5108506088515725,"Pcy":0.39597633798154236,"Pcz":0.05425054016963163,"m":0.1897758063372602,"Icxx":0.030761016920260516,"Icyy":0.05053182827347854,"Iczz":0.07953962340694533,"Icxy":0.038388427225971654,"Icxz":0.005186462226784056,"Icyz":0.003965961501772543}