{"Pcx":0.024866510047665255,"Pcy":0.033481391376493724,"Pcz":0.11323282216672187,"m":1.5221521968789486,"Icxx":0.026402812874195818,"Icyy":0.02801493158540324,"Iczz":0.01170587882848614,"Icxy":0.00013388165610051157,"Icxz":0.00373707948260526,"Icyz":0.005501092727421897}