{"Pcx":-0.049675197206707544,"Pcy":0.02704663732275912,"Pcz":0.05570097586506212,"m":0.2069267995682158,"Icxx":0.001313044594241428,"Icyy":0.0016586682435422834,"Iczz":0.001034399862111777,"Icxy":-0.00022048992210792169,"Icxz":-0.00043738959897022254,"Icyz":0.0003922940162442524}