{"Pcx":0.010120128318999055,"Pcy":0.029293332422812426,"Pcz":-0.07913527196703808,"m":0.7713983151692466,"Icxx":0.008562156115040185,"Icyy":0.00627266107929701,"Iczz":0.004616709833923525,"Icxy":-0.0003060222212832983,"Icxz":-0.0006782087014375137,"Icyz":-0.0015644894147052236}