{"Pcx":0.025441322087276314,"Pcy":0.03236879526495024,"Pcz":0.1138269623468427,"m":1.5509741280830356,"Icxx":0.026902735878050272,"Icyy":0.028688820819860225,"Iczz":0.011886816696805802,"Icxy":0.00010305882752419853,"Icxz":0.0038996520257391634,"Icyz":0.005541384540811205}