{"Pcx":0.015071759558050846,"Pcy":0.027204928063642556,"Pcz":-0.07720735939366265,"m":0.5315189101291711,"Icxx":0.006584365477494743,"Icyy":0.004590190342963613,"Iczz":0.004315690704383202,"Icxy":-0.0002952980905153605,"Icxz":-0.0006952613661779639,"Icyz":-0.0008859176436697251}