{"Pcx":-4.8099900519857584E-06,"Pcy":0.04991787751830401,"Pcz":0.12139292626813819,"m":0.9942727107681767,"Icxx":0.02102963636594409,"Icyy":0.020293415114285594,"Iczz":0.008779889102272322,"Icxy":-3.9825476863384777E-07,"Icxz":-1.4436882706519024E-07,"Icyz":0.0053679268938379}