{"Pcx":-0.018033447130024135,"Pcy":0.05175553440028402,"Pcz":0.14275495366783858,"m":7.259343854505236,"Icxx":0.2562819226632247,"Icyy":0.22980054149215762,"Iczz":0.06652238053204178,"Icxy":0.0062543015515241045,"Icxz":0.0005350598846315772,"Icyz":0.08346686683200145}